"var1","var2"
-1.02096255172249,-0.57655101005347
-0.133169028485543,-0.178929623809697
-0.799014170913255,-1.17298308941913
0.53267611394217,0.516907802116904
1.42046963717912,1.41155592116539
